{"flutter":{"platforms":{"android":{"default":{"projectId":"vello-dac50","appId":"1:694167397444:android:15fcb59ff06f7042b6c811","fileOutput":"android/app/google-services.json"}},"dart":{"lib/firebase_options.dart":{"projectId":"vello-dac50","configurations":{"android":"1:694167397444:android:15fcb59ff06f7042b6c811","ios":"1:694167397444:ios:81a35e7a485ea668b6c811","macos":"1:694167397444:ios:81a35e7a485ea668b6c811","web":"1:694167397444:web:7e0fde130ddf29deb6c811","windows":"1:694167397444:web:3e9c86d0d4a6b86cb6c811"}}}}}}